CT,DICE_panc,DICE_kidn,DICE_livr,CONF_panc,CONF_kidn,CONF_livr,Entropy_GT,Entropy_Pred,Hausdorff_panc,Hausdorff_kidn,Hausdorff_livr,ECE_1,ECE_2,ECE_3,ACE_1,ACE_2,ACE_3,AUROC_panc,AUROC_kidn,AUROC_livr,AURC_panc,AURC_kidn,AURC_livr,EAURC_panc,EAURC_kidn,EAURC_livr,CRPS_panc,CRPS_kidn,CRPS_livr,NCC_GT1-2,NCC_GT1-3,NCC_GT2-3,NCC_mean
UKCHLL061,0.6486012935638428,0.9798763394355774,0.9737797975540161,0.8593081347207772,0.9907671259716153,0.9877979263546877,0.25706947358689225,0.25964676496060457,425.159969893686,424.4820373113567,424.4031102619301,0.0034836591221392155,0.003276844508945942,0.0036290306597948074,0.07081729725160059,0.06869243831063661,0.07224286682489993,0.673887503490746,0.8992245997106358,0.924651595189663,0.07052218534333933,0.11745471147607224,0.014926499376013395,0.06886950583287008,0.11608484810388184,0.014788261954549183,7612.6928138209005,18408.812339210923,7672.481130545807,0.976877190152674,0.9754531910562078,0.9905289552702823,0.9809531121597214
